<application>
  <component name="DefaultFont">
    <option name="FONT_SIZE" value="15" />
    <option name="FONT_FAMILY" value="YaHei Consolas Hybrid" />
  </component>
  <component name="EditorSettings">
    <option name="USE_SOFT_WRAPS" value="CONSOLE" />
    <option name="SOFT_WRAP_FILE_MASKS" value="*.md; *.txt; *.rst; *.adoc" />
    <option name="QUICK_DOC_ON_MOUSE_OVER_DELAY_MS" value="50" />
    <option name="IS_RIGHT_MARGIN_SHOWN" value="false" />
  </component>
  <component name="TodoConfiguration">
    <multiLine>false</multiLine>
    <pattern icon="question" pattern="\btodo\b.*" />
    <pattern icon="important" case-sensitive="true" pattern="\bfixme\b.*" />
    <pattern case-sensitive="true" pattern="\bTB19\b.*" />
    <pattern case-sensitive="true" pattern="\bTE19\b.*" />
    <filter name="ek">
      <pattern index="3" />
      <pattern index="2" />
      <pattern index="1" />
    </filter>
  </component>
</application>