<application>
  <component name="DefaultFont">
    <option name="FONT_SIZE" value="15" />
    <option name="FONT_FAMILY" value="Fira Code" />
    <option name="SECONDARY_FONT_FAMILY" value="YaHei Consolas Hybrid" />
  </component>
  <component name="EditorSettings">
    <option name="languageBreadcrumbsMap">
      <map>
        <entry key="CFML" value="true" />
        <entry key="CSS" value="true" />
        <entry key="FTL" value="true" />
        <entry key="Groovy" value="true" />
        <entry key="HTML" value="true" />
        <entry key="Haml" value="true" />
        <entry key="JAVA" value="true" />
        <entry key="JSON" value="true" />
        <entry key="JSP" value="true" />
        <entry key="JSPX" value="true" />
        <entry key="JavaScript" value="true" />
        <entry key="LESS" value="true" />
        <entry key="SASS" value="true" />
        <entry key="SCSS" value="true" />
        <entry key="SQL" value="true" />
        <entry key="Stylus" value="true" />
        <entry key="TypeScript" value="true" />
        <entry key="VTL" value="true" />
        <entry key="XHTML" value="true" />
        <entry key="XML" value="true" />
        <entry key="kotlin" value="true" />
        <entry key="yaml" value="true" />
      </map>
    </option>
    <option name="USE_SOFT_WRAPS" value="CONSOLE" />
    <option name="SOFT_WRAP_FILE_MASKS" value="*.md; *.txt; *.rst; *.adoc" />
    <option name="QUICK_DOC_ON_MOUSE_OVER_DELAY_MS" value="50" />
    <option name="IS_RIGHT_MARGIN_SHOWN" value="false" />
  </component>
  <component name="TodoConfiguration">
    <multiLine>false</multiLine>
    <pattern icon="question" pattern="\btodo\b.*" />
    <pattern icon="important" case-sensitive="true" pattern="\bfixme\b.*" />
    <pattern case-sensitive="true" pattern="\bTB19\b.*" />
    <pattern case-sensitive="true" pattern="\bTE19\b.*" />
    <filter name="ek">
      <pattern index="3" />
      <pattern index="2" />
      <pattern index="1" />
    </filter>
  </component>
</application>