<application>
  <component name="JavaRebelPlugin">
    <option name="ideInstallationStorage">
      <map>
        <entry key="com.zeroturnaround.jrebel.FormatVersion" value="7.0.0" />
        <entry key="com.zeroturnaround.jrebel.intellij.autocompile.enabled" value="true" />
        <entry key="com.zeroturnaround.jrebel.intellij.autocompile.feature-seen" value="true" />
        <entry key="com.zeroturnaround.jrebel.intellij.autosave.enabled" value="true" />
        <entry key="com.zeroturnaround.jrebel.intellij.plugin.old-agent-version" value="2019.2.1" />
        <entry key="com.zeroturnaround.jrebel.update.LastKnownVersionOnUpdateSite" value="2019.2.1" />
        <entry key="com.zeroturnaround.jrebel.update.UpdateNotificationCount" value="2" />
      </map>
    </option>
  </component>
</application>