<application>
  <component name="AppStorage">
    <histories>
      <item value="unit Info" />
      <item value="Supplement Charge" />
      <item value="Foreigner Register" />
      <item value="Application For Retirement" />
      <item value="Transfer Application" />
      <item value="fee" />
      <item value="charge" />
      <item value="费用" />
      <item value="Payment" />
      <item value="Supplement Pay" />
      <item value="Supplement Payment" />
      <item value="Supplement" />
      <item value="supplementary" />
      <item value="supplementary payment" />
      <item value="Supplement fee" />
      <item value="Replenish" />
      <item value="make up" />
      <item value="补收" />
      <item value="补缴" />
      <item value="补费" />
      <item value="caught" />
      <item value="Unexpected" />
      <item value="label" />
      <item value="BAE 261" />
      <item value="bab 267" />
      <item value="aac 002" />
      <item value="aab 001" />
      <item value="Clob" />
      <item value="YWLSH" />
      <item value="BAE 262" />
      <item value="AAC 010" />
      <item value="BAB 265" />
      <item value="BAB 264" />
      <item value="Info" />
      <item value="Infor" />
      <item value="insurance Person Add DG Action" />
      <item value="destination" />
      <item value="原目标" />
      <item value="起点" />
      <item value="终点" />
      <item value="目的地" />
      <item value="目的" />
      <item value="目标" />
      <item value="出发点" />
      <item value="出发" />
      <item value="Margins" />
      <item value="Conver" />
      <item value="手机" />
      <item value="手机号" />
      <item value="author" />
    </histories>
    <option name="languageScores">
      <map>
        <entry key="CHINESE" value="68" />
        <entry key="ENGLISH" value="68" />
        <entry key="ITALIAN" value="1" />
        <entry key="INDONESIAN" value="3" />
      </map>
    </option>
  </component>
  <component name="Settings">
    <option name="ignoreRegExp" value="" />
  </component>
</application>